model_name,accuracy,macro_f1,high_recall,medium_recall,priority_score
Logistic Regression,0.9416666666666667,0.9430126321545269,0.9285714285714286,0.9111111111111111,0.9331729827439301
Random Forest,0.9166666666666666,0.9181362011460873,0.9,0.9111111111111111,0.9107347672397104
