model_name,accuracy,macro_f1,emergency_recall,urgent_recall,priority_score
Logistic Regression,0.7541666666666667,0.7416034626106519,0.9047619047619048,0.7164179104477612,0.7855138848234496
Random Forest,0.7541666666666667,0.7104560068919787,0.7619047619047619,0.7313432835820896,0.7300680887338358
